<?xml version="1.0" encoding="UTF-8"?><module codename="org.netbeans.core.network">
    <module_version install_time="1490924038045" last="true" origin="installer" specification_version="1.9.1">
        <file crc="2799144563" name="config/Modules/org-netbeans-core-network.xml"/>
        <file crc="2601114686" name="modules/ext/nsProxyAutoConfig.js"/>
        <file crc="3597551322" name="modules/locale/org-netbeans-core-network_ja.jar"/>
        <file crc="394839124" name="modules/locale/org-netbeans-core-network_pt_BR.jar"/>
        <file crc="3617979993" name="modules/locale/org-netbeans-core-network_ru.jar"/>
        <file crc="2152215832" name="modules/locale/org-netbeans-core-network_zh_CN.jar"/>
        <file crc="2697741440" name="modules/org-netbeans-core-network.jar"/>
    </module_version>
</module>
