<?xml version="1.0" encoding="UTF-8"?><module codename="org.netbeans.modules.options.keymap">
    <module_version install_time="1490924038860" last="true" origin="installer" specification_version="1.36.1">
        <file crc="2363851279" name="config/Modules/org-netbeans-modules-options-keymap.xml"/>
        <file crc="3277560604" name="modules/locale/org-netbeans-modules-options-keymap_ja.jar"/>
        <file crc="2503557288" name="modules/locale/org-netbeans-modules-options-keymap_pt_BR.jar"/>
        <file crc="2537592707" name="modules/locale/org-netbeans-modules-options-keymap_ru.jar"/>
        <file crc="3161988406" name="modules/locale/org-netbeans-modules-options-keymap_zh_CN.jar"/>
        <file crc="1483744856" name="modules/org-netbeans-modules-options-keymap.jar"/>
    </module_version>
</module>
