<?xml version="1.0" encoding="UTF-8"?><module codename="org.netbeans.core.output2/1">
    <module_version install_time="1490924041609" last="true" origin="installer" specification_version="1.40.1">
        <file crc="1198063063" name="config/Modules/org-netbeans-core-output2.xml"/>
        <file crc="3210031610" name="modules/locale/org-netbeans-core-output2_ja.jar"/>
        <file crc="3965909493" name="modules/locale/org-netbeans-core-output2_pt_BR.jar"/>
        <file crc="3900565044" name="modules/locale/org-netbeans-core-output2_ru.jar"/>
        <file crc="3382078617" name="modules/locale/org-netbeans-core-output2_zh_CN.jar"/>
        <file crc="767352777" name="modules/org-netbeans-core-output2.jar"/>
    </module_version>
</module>
