<?xml version="1.0" encoding="UTF-8"?><module codename="org.gephi.db.drivers">
    <module_version install_time="1490924040388" last="true" origin="installer" specification_version="0.9.0">
        <file crc="1283735835" name="config/Modules/org-gephi-db-drivers.xml"/>
        <file crc="2615330759" name="modules/ext/org.gephi.db-drivers/com-oracle/ojdbc14.jar"/>
        <file crc="1698006133" name="modules/ext/org.gephi.db-drivers/mysql/mysql-connector-java.jar"/>
        <file crc="4187101877" name="modules/ext/org.gephi.db-drivers/org-postgresql/postgresql.jar"/>
        <file crc="1109638860" name="modules/ext/org.gephi.db-drivers/org-xerial/sqlite-jdbc.jar"/>
        <file crc="1919547409" name="modules/org-gephi-db-drivers.jar"/>
    </module_version>
</module>
