<?xml version="1.0" encoding="UTF-8"?><module codename="org.gephi.graph.api">
    <module_version install_time="1490924040236" last="true" origin="installer" specification_version="0.9.0.1">
        <file crc="3285880074" name="config/Modules/org-gephi-graph-api.xml"/>
        <file crc="2940920719" name="modules/ext/org.gephi.graph-api/colt/colt.jar"/>
        <file crc="2325472648" name="modules/ext/org.gephi.graph-api/concurrent/concurrent.jar"/>
        <file crc="3546030778" name="modules/ext/org.gephi.graph-api/it-unimi-dsi/fastutil.jar"/>
        <file crc="2216476816" name="modules/ext/org.gephi.graph-api/joda-time/joda-time.jar"/>
        <file crc="584687116" name="modules/ext/org.gephi.graph-api/org-gephi/graphstore.jar"/>
        <file crc="1403218705" name="modules/org-gephi-graph-api.jar"/>
    </module_version>
</module>
